"Date","Data"
"30/09/2022",23825.00
"3/10/2022",23835.00
"4/10/2022",23872.50
"5/10/2022",23835.00
"6/10/2022",23875.00
"7/10/2022",23885.00
"10/10/2022",23890.00
"11/10/2022",23887.50
"12/10/2022",23935.00
"13/10/2022",23965.00
"14/10/2022",24105.00
"17/10/2022",24135.00
"18/10/2022",24340.00
"19/10/2022",24450.00
"20/10/2022",24455.00
"21/10/2022",24555.00
"24/10/2022",24855.00
"25/10/2022",24850.00
"26/10/2022",24855.00
"27/10/2022",24830.00
"28/10/2022",24850.00
